date,close
2012/12/31,1000
2013/01/04,988.57
2013/01/07,996.47
2013/01/08,1010.36
2013/01/09,1014.46
2013/01/10,1012.92
2013/01/11,995.89
2013/01/14,1029.31
2013/01/15,1043.13
2013/01/16,1044.49
2013/01/17,1038.33
2013/01/18,1056.54
2013/01/21,1053.68
2013/01/22,1032.95
2013/01/23,1038.25
2013/01/24,1018.65
2013/01/25,1020.64
2013/01/28,1042.78
2013/01/29,1050.91
2013/01/30,1053.72
2013/01/31,1052.89
2013/02/01,1058.73
2013/02/04,1044.38
2013/02/05,1060.5
2013/02/06,1066.63
2013/02/07,1075.79
2013/02/08,1092.48
2013/02/18,1091.84
2013/02/19,1068.37
2013/02/20,1090.14
2013/02/21,1067.84
2013/02/22,1066.09
2013/02/25,1076.84
2013/02/26,1064.87
2013/02/27,1067.91
2013/02/28,1085.62
2013/03/01,1095.52
2013/03/04,1064.49
2013/03/05,1086.59
2013/03/06,1107.77
2013/03/07,1090.39
2013/03/08,1079.93
2013/03/11,1082.18
2013/03/12,1064.25
2013/03/13,1055.22
2013/03/14,1062.93
2013/03/15,1067.26
2013/03/18,1062.14
2013/03/19,1068.86
2013/03/20,1091.2
2013/03/21,1103.01
2013/03/22,1108.8
2013/03/25,1110.81
2013/03/26,1111.21
2013/03/27,1115.29
2013/03/28,1094.04
2013/03/29,1098.5
2013/04/01,1108.35
2013/04/02,1090.64
2013/04/03,1080.39
2013/04/08,1091.43
2013/04/09,1095.53
2013/04/10,1090.35
2013/04/11,1090.92
2013/04/12,1085.5
2013/04/15,1070.7
2013/04/16,1078.65
2013/04/17,1095.18
2013/04/18,1098.49
2013/04/19,1122.84
2013/04/22,1135.6
2013/04/23,1111.58
2013/04/24,1142.17
2013/04/25,1114.97
2013/04/26,1097.51
2013/05/02,1116.36
2013/05/03,1138.11
2013/05/06,1154.19
2013/05/07,1153.23
2013/05/08,1165.86
2013/05/09,1164.81
2013/05/10,1173.58
2013/05/13,1179.88
2013/05/14,1168.04
2013/05/15,1189.21
2013/05/16,1205.94
2013/05/17,1219.42
2013/05/20,1230.51
2013/05/21,1241.58
2013/05/22,1229.36
2013/05/23,1231.86
2013/05/24,1249.66
2013/05/27,1267.94
2013/05/28,1266.13
2013/05/29,1277.9
2013/05/30,1278.1
2013/05/31,1265.12
2013/06/03,1251.65
2013/06/04,1220.6
2013/06/05,1225.15
2013/06/06,1207.18
2013/06/07,1193.28
2013/06/13,1167.64
2013/06/14,1201.2
2013/06/17,1204.81
2013/06/18,1216.02
2013/06/19,1210.11
2013/06/20,1162.76
2013/06/21,1163.21
2013/06/24,1098.83
2013/06/25,1097.44
2013/06/26,1136.66
2013/06/27,1119.78
2013/06/28,1120.74
2013/07/01,1160.26
2013/07/02,1176.94
2013/07/03,1184.87
2013/07/04,1178.96
2013/07/05,1165.69
2013/07/08,1127.9
2013/07/09,1132.19
2013/07/10,1157.34
2013/07/11,1187.07
2013/07/12,1180.01
2013/07/15,1201.7
2013/07/16,1218.31
2013/07/17,1195.26
2013/07/18,1189.67
2013/07/19,1160.27
2013/07/22,1178.17
2013/07/23,1211.47
2013/07/24,1218.72
2013/07/25,1191.8
2013/07/26,1189.28
2013/07/29,1171.43
2013/07/30,1156.34
2013/07/31,1156.84
2013/08/01,1201.48
2013/08/02,1199.1
2013/08/05,1225.39
2013/08/06,1249.85
2013/08/07,1228.98
2013/08/08,1234.42
2013/08/09,1234.35
2013/08/12,1248.02
2013/08/13,1250.75
2013/08/14,1246.7
2013/08/15,1226.7
2013/08/16,1198.69
2013/08/19,1223.79
2013/08/20,1217.2
2013/08/21,1219.22
2013/08/22,1231.75
2013/08/23,1235.92
2013/08/26,1254.96
2013/08/27,1254.42
2013/08/28,1237.06
2013/08/29,1231.75
2013/08/30,1204.56
2013/09/02,1216.1
2013/09/03,1243.59
2013/09/04,1242.38
2013/09/05,1250.24
2013/09/06,1259.84
2013/09/09,1261.52
2013/09/10,1262.7
2013/09/11,1248.08
2013/09/12,1246.73
2013/09/13,1261.99
2013/09/16,1272.85
2013/09/17,1257.84
2013/09/18,1261.75
2013/09/23,1297.63
2013/09/24,1289.57
2013/09/25,1277.06
2013/09/26,1263.54
2013/09/27,1270.39
2013/09/30,1287.9
2013/10/08,1316.07
2013/10/09,1333.84
2013/10/10,1330.55
2013/10/11,1346.31
2013/10/14,1356.95
2013/10/15,1353.67
2013/10/16,1322.76
2013/10/17,1310.22
2013/10/18,1320.17
2013/10/21,1358.74
2013/10/22,1339.41
2013/10/23,1304.15
2013/10/24,1295.78
2013/10/25,1275.55
2013/10/28,1288.49
2013/10/29,1273.5
2013/10/30,1289.84
2013/10/31,1253.64
2013/11/01,1240.98
2013/11/04,1250.01
2013/11/05,1264.74
2013/11/06,1253.2
2013/11/07,1231.3
2013/11/08,1212.98
2013/11/11,1222.45
2013/11/12,1231.15
2013/11/13,1206.53
2013/11/14,1231.24
2013/11/15,1256.71
2013/11/18,1282.86
2013/11/19,1284.03
2013/11/20,1286.39
2013/11/21,1277.21
2013/11/22,1269.24
2013/11/25,1265.37
2013/11/26,1266.13
2013/11/27,1284.28
2013/11/28,1309.65
2013/11/29,1318.95
2013/12/02,1268.71
2013/12/03,1297.52
2013/12/04,1315.75
2013/12/05,1302.34
2013/12/06,1292.52
2013/12/09,1298.22
2013/12/10,1300.29
2013/12/11,1286.55
2013/12/12,1293.44
2013/12/13,1295.67
2013/12/16,1272.98
2013/12/17,1263.25
2013/12/18,1262.11
2013/12/19,1254.37
2013/12/20,1230.49
2013/12/23,1228.02
2013/12/24,1240.1
2013/12/25,1263.15
2013/12/26,1240.48
2013/12/27,1260.56
2013/12/30,1260.45
2013/12/31,1269.9
2014/01/02,1276.82
2014/01/03,1277.3
2014/01/06,1244.16
2014/01/07,1253.12
2014/01/08,1264.98
2014/01/09,1252.46
2014/01/10,1234.78
2014/01/13,1235.53
2014/01/14,1260.23
2014/01/15,1270.09
2014/01/16,1266.7
2014/01/17,1254.43
2014/01/20,1239.17
2014/01/21,1258.65
2014/01/22,1297.1
2014/01/23,1314.83
2014/01/24,1328.2
2014/01/27,1324.96
2014/01/28,1321.32
2014/01/29,1339.37
2014/01/30,1326.33
2014/02/07,1353.26
2014/02/10,1397.29
2014/02/11,1388.17
2014/02/12,1392.94
2014/02/13,1376.94
2014/02/14,1397.44
2014/02/17,1427.05
2014/02/18,1410.14
2014/02/19,1415.51
2014/02/20,1400.14
2014/02/21,1395.3
2014/02/24,1390
2014/02/25,1345.27
2014/02/26,1354.28
2014/02/27,1328.85
2014/02/28,1349.06
2014/03/03,1377.74
2014/03/04,1373.39
2014/03/05,1361.93
2014/03/06,1362.94
2014/03/07,1363.92
2014/03/10,1321.8
2014/03/11,1314.93
2014/03/12,1312.49
2014/03/13,1337.63
2014/03/14,1326.45
2014/03/17,1359.36
2014/03/18,1367.27
2014/03/19,1359.81
2014/03/20,1325.23
2014/03/21,1342.99
2014/03/24,1338.58
2014/03/25,1345.69
2014/03/26,1351.1
2014/03/27,1320.71
2014/03/28,1298.34
2014/03/31,1293.32
2014/04/01,1308.95
2014/04/02,1299.34
2014/04/03,1294.69
2014/04/04,1313.77
2014/04/08,1329.69
2014/04/09,1339.33
2014/04/10,1349.74
2014/04/11,1337.22
2014/04/14,1349.1
2014/04/15,1338.33
2014/04/16,1332.8
2014/04/17,1330.56
2014/04/18,1334.34
2014/04/21,1319.41
2014/04/22,1310.76
2014/04/23,1304.51
2014/04/24,1293.95
2014/04/25,1272.23
2014/04/28,1242.29
2014/04/29,1263.38
2014/04/30,1276.51
2014/05/05,1287.98
2014/05/06,1291.14
2014/05/07,1265.16
2014/05/08,1256.85
2014/05/09,1240.41
2014/05/12,1266.1
2014/05/13,1265.96
2014/05/14,1265.6
2014/05/15,1238.56
2014/05/16,1231.99
2014/05/19,1227.77
2014/05/20,1233.97
2014/05/21,1241.27
2014/05/22,1249.58
2014/05/23,1261.57
2014/05/26,1279.38
2014/05/27,1273.3
2014/05/28,1297.32
2014/05/29,1278.27
2014/05/30,1282.53
2014/06/03,1279.02
2014/06/04,1269.96
2014/06/05,1286.61
2014/06/06,1286.92
2014/06/09,1275.29
2014/06/10,1292.74
2014/06/11,1299.35
2014/06/12,1292.91
2014/06/13,1310.38
2014/06/16,1318.02
2014/06/17,1299.36
2014/06/18,1291.95
2014/06/19,1258.28
2014/06/20,1270.86
2014/06/23,1287.81
2014/06/24,1293.98
2014/06/25,1285.49
2014/06/26,1299.9
2014/06/27,1307.96
2014/06/30,1323.62
2014/07/01,1338.94
2014/07/02,1349.27
2014/07/03,1358.73
2014/07/04,1354.12
2014/07/07,1345.27
2014/07/08,1351.23
2014/07/09,1322.91
2014/07/10,1312.86
2014/07/11,1318.32
2014/07/14,1330.14
2014/07/15,1317.64
2014/07/16,1305.42
2014/07/17,1300.4
2014/07/18,1301.89
2014/07/21,1299.08
2014/07/22,1314.78
2014/07/23,1295.2
2014/07/24,1286.48
2014/07/25,1304.78
2014/07/28,1333.66
2014/07/29,1346.1
2014/07/30,1351.21
2014/07/31,1358.21
2014/08/01,1333.48
2014/08/04,1348.4
2014/08/05,1363.31
2014/08/06,1376.16
2014/08/07,1369.51
2014/08/08,1376.95
2014/08/11,1398.8
2014/08/12,1406.32
2014/08/13,1411.21
2014/08/14,1402.69
2014/08/15,1418.86
2014/08/18,1439.39
2014/08/19,1442.91
2014/08/20,1437.54
2014/08/21,1442.87
2014/08/22,1459.57
2014/08/25,1453.15
2014/08/26,1433.38
2014/08/27,1445.03
2014/08/28,1432.74
2014/08/29,1451.91
2014/09/01,1478.17
2014/09/02,1496.51
2014/09/03,1513.5
2014/09/04,1523.47
2014/09/05,1530.07
2014/09/09,1544.44
2014/09/10,1546.92
2014/09/11,1542.99
2014/09/12,1551.05
2014/09/15,1558.72
2014/09/16,1503.67
2014/09/17,1512.18
2014/09/18,1518.28
2014/09/19,1533.45
2014/09/22,1517.93
2014/09/23,1538.23
2014/09/24,1562.46
2014/09/25,1559.92
2014/09/26,1564.56
2014/09/29,1578.65
2014/09/30,1586.6
2014/10/08,1606.11
2014/10/09,1611.89
2014/10/10,1596.64
2014/10/13,1593.15
2014/10/14,1589.16
2014/10/15,1590.11
2014/10/16,1568.65
2014/10/17,1554.44
2014/10/20,1569.69
2014/10/21,1557.26
2014/10/22,1540.88
2014/10/23,1524.47
2014/10/24,1532.38
2014/10/27,1550.74
2014/10/28,1583.26
2014/10/29,1599.17
2014/10/30,1595.23
2014/10/31,1583.48
2014/11/03,1589.02
2014/11/04,1577.86
2014/11/05,1576.28
2014/11/06,1591.33
2014/11/07,1579.44
2014/11/10,1588.46
2014/11/11,1544.03
2014/11/12,1561.86
2014/11/13,1535.93
2014/11/14,1532.25
2014/11/17,1547.02
2014/11/18,1553.37
2014/11/19,1562.26
2014/11/20,1556.82
2014/11/21,1567.13
2014/11/24,1591.63
2014/11/25,1621.04
2014/11/26,1632.91
2014/11/27,1641.48
2014/11/28,1639.58
2014/12/01,1623.98
2014/12/02,1640.49
2014/12/03,1662.89
2014/12/04,1693.64
2014/12/05,1690.56
2014/12/08,1712.92
2014/12/09,1637.98
2014/12/10,1684.37
2014/12/11,1704.59
2014/12/12,1722.42
2014/12/15,1747.31
2014/12/16,1750.04
2014/12/17,1736.53
2014/12/18,1764.99
2014/12/19,1763.41
2014/12/22,1691.04
2014/12/23,1644.14
2014/12/24,1663.7
2014/12/25,1694.47
2014/12/26,1710.6
2014/12/29,1694.22
2014/12/30,1656.28
2014/12/31,1668.8
2015/01/05,1686.3
2015/01/06,1728.68
2015/01/07,1725.38
2015/01/08,1725.76
2015/01/09,1717.87
2015/01/12,1705.19
2015/01/13,1732.95
2015/01/14,1727.88
2015/01/15,1746.48
2015/01/16,1783.85
2015/01/19,1715.64
2015/01/20,1786.45
2015/01/21,1825.65
2015/01/22,1860.83
2015/01/23,1837.47
2015/01/26,1879.65
2015/01/27,1887.36
2015/01/28,1868.51
2015/01/29,1849.01
2015/01/30,1825.94
2015/02/02,1823.62
2015/02/03,1863.89
2015/02/04,1860.78
2015/02/05,1846.03
2015/02/06,1795.28
2015/02/09,1778.07
2015/02/10,1808.77
2015/02/11,1835.63
2015/02/12,1840.37
2015/02/13,1873.59
2015/02/16,1912.43
2015/02/17,1913.49
2015/02/25,1899.79
2015/02/26,1916.83
2015/02/27,1933.49
2015/03/02,1974.9
2015/03/03,1964.88
2015/03/04,1986.75
2015/03/05,1976.04
2015/03/06,1948.11
2015/03/09,1971.09
2015/03/10,1985.8
2015/03/11,1984.01
2015/03/12,1978.97
2015/03/13,2003.3
2015/03/16,2061.28
2015/03/17,2092.49
2015/03/18,2122.13
2015/03/19,2132.84
2015/03/20,2163.23
2015/03/23,2237.22
2015/03/24,2263.5
2015/03/25,2293.26
2015/03/26,2267.6
2015/03/27,2279.23
2015/03/30,2294.11
2015/03/31,2310.25
2015/04/01,2360.06
2015/04/02,2398.64
2015/04/03,2439.73
2015/04/07,2488.91
2015/04/08,2481.82
2015/04/09,2456.97
2015/04/10,2521.52
2015/04/13,2576.93
2015/04/14,2573.7
2015/04/15,2483.42
2015/04/16,2544.15
2015/04/17,2596.29
2015/04/20,2600.71
2015/04/21,2705.71
2015/04/22,2797.52
2015/04/23,2837.92
2015/04/24,2900.9
2015/04/27,2968.3
2015/04/28,2937.79
2015/04/29,3023.52
2015/04/30,3088.65
2015/05/04,3080.51
2015/05/05,2992.17
2015/05/06,2957.46
2015/05/07,2898.96
2015/05/08,3009.04
2015/05/11,3181.86
2015/05/12,3328.4
2015/05/13,3341.44
2015/05/14,3316.33
2015/05/15,3324.24
2015/05/18,3404.28
2015/05/19,3500.77
2015/05/20,3591.58
2015/05/21,3700.34
2015/05/22,3725.99
2015/05/25,3777.01
2015/05/26,3943.13
2015/05/27,3947.57
2015/05/28,3711.31
2015/05/29,3787.55
2015/06/01,3967.09
2015/06/02,4132.84
2015/06/03,4226.57
2015/06/04,4284.99
2015/06/05,4288.11
2015/06/08,4164.57
2015/06/09,4146.91
2015/06/10,4248.13
2015/06/11,4255.34
2015/06/12,4298.9
2015/06/15,4167
2015/06/16,4039.54
2015/06/17,4149.39
2015/06/18,3987.63
2015/06/19,3752.39
2015/06/23,3836.74
2015/06/24,3908.77
2015/06/25,3747.27
2015/06/26,3426.97
2015/06/29,3222.33
2015/06/30,3409.29
2015/07/01,3246.03
2015/07/02,3055.17
2015/07/03,2892.9
2015/07/06,2796.39
2015/07/07,2634.1
2015/07/08,2578.06
2015/07/09,2686.77
2015/07/10,2815.43
2015/07/13,2989.32
2015/07/14,3017.9
2015/07/15,2862.5
2015/07/16,2919.42
2015/07/17,3076.34
2015/07/20,3141.46
2015/07/21,3197.13
2015/07/22,3226.94
2015/07/23,3323.39
2015/07/24,3258.66
2015/07/27,3021.72
2015/07/28,2943.85
2015/07/29,3094.77
2015/07/30,2991.44
2015/07/31,2954.16
2015/08/03,2834.27
2015/08/04,2974.81
2015/08/05,2927.44
2015/08/06,2924.81
2015/08/07,3013.92
2015/08/10,3172.16
2015/08/11,3188.44
2015/08/12,3101.41
2015/08/13,3179.62
2015/08/14,3171.32
2015/08/17,3194.77
2015/08/18,2972.28
2015/08/19,3056.05
2015/08/20,2977.21
2015/08/21,2807.31
2015/08/24,2588.15
2015/08/25,2397.81
2015/08/26,2288.04
2015/08/27,2366.8
2015/08/28,2507.32
2015/08/31,2416.91
2015/09/01,2288.7
2015/09/02,2225.98
2015/09/07,2248.54
2015/09/08,2347.15
2015/09/09,2424.79
2015/09/10,2382.62
2015/09/11,2409.71
2015/09/14,2260.23
2015/09/15,2133.38
2015/09/16,2274.96
2015/09/17,2243.18
2015/09/18,2279.86
2015/09/21,2375.04
2015/09/22,2410.08
2015/09/23,2396.87
2015/09/24,2420.32
2015/09/25,2343.78
2015/09/28,2402.55
2015/09/29,2375.69
2015/09/30,2377.04
2015/10/08,2479.17
2015/10/09,2512.01
2015/10/12,2627.83
2015/10/13,2657.45
2015/10/14,2643.76
2015/10/15,2737.51
2015/10/16,2791.15
2015/10/19,2790.2
2015/10/20,2829.61
2015/10/21,2635.21
2015/10/22,2728.33
2015/10/23,2774.21
2015/10/26,2787.12
2015/10/27,2821.94
2015/10/28,2752.74
2015/10/29,2776.19
2015/10/30,2758.76
2015/11/02,2703.53
2015/11/03,2708.4
2015/11/04,2856.97
2015/11/05,2849.49
2015/11/06,2936.52
2015/11/09,3010.32
2015/11/10,3032.49
2015/11/11,3064.07
2015/11/12,3084.51
2015/11/13,3005.25
2015/11/16,3037.63
2015/11/17,2977.95
2015/11/18,2917.85
2015/11/19,3008.4
2015/11/20,3054.36
2015/11/23,3016.27
2015/11/24,3042.5
2015/11/25,3107.57
2015/11/26,3078.97
2015/11/27,2886.38
2015/11/30,2898.53
2015/12/01,2870.42
2015/12/02,2826.56
2015/12/03,2916.13
2015/12/04,2902.05
2015/12/07,2950.8
2015/12/08,2880.55
2015/12/09,2866.01
2015/12/10,2870.77
2015/12/11,2841.45
2015/12/14,2895.21
2015/12/15,2941.3
2015/12/16,2961.78
2015/12/17,3038.57
2015/12/18,3018.17
2015/12/21,3026.82
2015/12/22,3054.05
2015/12/23,3001.84
2015/12/24,3002.92
2015/12/25,3023.18
2015/12/28,2960.49
2015/12/29,2990.05
2015/12/30,3022.87
2015/12/31,2967.78
2016/01/04,2720.15
2016/01/05,2664.07
2016/01/06,2731.68
2016/01/07,2501.88
2016/01/08,2515.16
2016/01/11,2343.61
2016/01/12,2347.86
2016/01/13,2235.67
2016/01/14,2333.4
2016/01/15,2255.34
2016/01/18,2309.51
2016/01/19,2392.19
2016/01/20,2369.54
2016/01/21,2258.42
2016/01/22,2295.89
2016/01/25,2327.99
2016/01/26,2151.47
2016/01/27,2130.39
2016/01/28,2031.24
2016/01/29,2120.39
2016/02/01,2113.63
2016/02/02,2195.24
2016/02/03,2207.41
2016/02/04,2246.09
2016/02/05,2218.32
2016/02/15,2227.46
2016/02/16,2333.89
2016/02/17,2373.62
2016/02/18,2365.55
2016/02/19,2387.39
2016/02/22,2428.4
2016/02/23,2395.13
2016/02/24,2388.8
2016/02/25,2201.32
2016/02/26,2193.89
2016/02/29,2043.08
2016/03/01,2093.51
2016/03/02,2194.05
2016/03/03,2176.22
2016/03/04,2083.07
2016/03/07,2133.1
2016/03/08,2161.31
2016/03/09,2113.37
2016/03/10,2079.14
2016/03/11,2069.92
2016/03/14,2167.03
2016/03/15,2150.93
2016/03/16,2117.98
2016/03/17,2229.34
2016/03/18,2332.26
2016/03/21,2391.99
2016/03/22,2388.28
2016/03/23,2422.67
2016/03/24,2385.57
2016/03/25,2389.08
2016/03/28,2382.51
2016/03/29,2335.15
2016/03/30,2441.43
2016/03/31,2444.54
2016/04/01,2437.02
2016/04/05,2508.49
2016/04/06,2517.15
2016/04/07,2485.53
2016/04/08,2461.66
2016/04/11,2505.04
2016/04/12,2482.28
2016/04/13,2512.56
2016/04/14,2542.75
2016/04/15,2533.98
2016/04/18,2508.04
2016/04/19,2519.96
2016/04/20,2410.25
2016/04/21,2373.35
2016/04/22,2416.43
2016/04/25,2405.62
2016/04/26,2434.47
2016/04/27,2435.44
2016/04/28,2430.53
2016/04/29,2434.7
2016/05/03,2516.98
2016/05/04,2513.54
2016/05/05,2530.85
2016/05/06,2434.24
2016/05/09,2357.07
2016/05/10,2339.8
2016/05/11,2320.92
2016/05/12,2359.41
2016/05/13,2351.84
2016/05/16,2410.79
2016/05/17,2406.43
2016/05/18,2330.99
2016/05/19,2352
2016/05/20,2363.35
2016/05/23,2407.24
2016/05/24,2378.56
2016/05/25,2358.66
2016/05/26,2363.83
2016/05/27,2343.12
2016/05/30,2327.13
2016/05/31,2422.21
2016/06/01,2454.09
2016/06/02,2467.74
2016/06/03,2481.98
2016/06/06,2500.5
2016/06/07,2500.74
2016/06/08,2513.25
2016/06/13,2392.11
2016/06/14,2389.67
2016/06/15,2497.23
2016/06/16,2511.74
2016/06/17,2510.63
2016/06/20,2533.86
2016/06/21,2490.85
2016/06/22,2537.78
2016/06/23,2523.77
2016/06/24,2519.23
2016/06/27,2575.42
2016/06/28,2595.19
2016/06/29,2611.57
2016/06/30,2611.88
2016/07/01,2604.36
2016/07/04,2656.2
2016/07/05,2667.24
2016/07/06,2670.08
2016/07/07,2696.04
2016/07/08,2679.75
2016/07/11,2661.93
2016/07/12,2662.83
2016/07/13,2687.01
2016/07/14,2698
2016/07/15,2695.38
2016/07/18,2680.83
2016/07/19,2691.46
2016/07/20,2702.05
2016/07/21,2710.46
2016/07/22,2684.85
2016/07/25,2668.32
2016/07/26,2704.31
2016/07/27,2597.02
2016/07/28,2594.04
2016/07/29,2573.3
2016/08/01,2543.5
2016/08/02,2555.44
2016/08/03,2563.13
2016/08/04,2583.46
2016/08/05,2567.11
2016/08/08,2589.4
2016/08/09,2625.55
2016/08/10,2616.18
2016/08/11,2568.02
2016/08/12,2578.41
2016/08/15,2636.91
2016/08/16,2666.22
2016/08/17,2673.73
2016/08/18,2671.76
2016/08/19,2689.07
2016/08/22,2644.55
2016/08/23,2638.19
2016/08/24,2651.54
2016/08/25,2640.62
2016/08/26,2642.41
2016/08/29,2641.59
2016/08/30,2644.48
2016/08/31,2647.05
2016/09/01,2626.2
2016/09/02,2606.16
2016/09/05,2610.25
2016/09/06,2654.98
2016/09/07,2646.09
2016/09/08,2647.7
2016/09/09,2627.74
2016/09/12,2540.85
2016/09/13,2568.86
2016/09/14,2554.14
2016/09/19,2590.36
2016/09/20,2593.27
2016/09/21,2597.71
2016/09/22,2608.47
2016/09/23,2597.42
2016/09/26,2532.57
2016/09/27,2555.35
2016/09/28,2553.47
2016/09/29,2556.64
2016/09/30,2573.32
2016/10/10,2636.4
2016/10/11,2653.84
2016/10/12,2653.81
2016/10/13,2648.02
2016/10/14,2639.34
2016/10/17,2622.06
2016/10/18,2669.66
2016/10/19,2656.94
2016/10/20,2665.03
2016/10/21,2651.01
2016/10/24,2666.12
2016/10/25,2672.35
2016/10/26,2652.61
2016/10/27,2650.45
2016/10/28,2618.24
2016/10/31,2618.07
2016/11/01,2635.52
2016/11/02,2605.85
2016/11/03,2620.06
2016/11/04,2602.59
2016/11/07,2606.1
2016/11/08,2617.56
2016/11/09,2607.86
2016/11/10,2631.87
2016/11/11,2656.52
2016/11/14,2664.89
2016/11/15,2671.07
2016/11/16,2680.15
2016/11/17,2672.76
2016/11/18,2660.13
2016/11/21,2660.04
2016/11/22,2680.78
2016/11/23,2661.68
2016/11/24,2648.6
2016/11/25,2661.78
2016/11/28,2677.17
2016/11/29,2642.41
2016/11/30,2636.17
2016/12/01,2651.82
2016/12/02,2603.85
2016/12/05,2598.14
2016/12/06,2593.2
2016/12/07,2624.6
2016/12/08,2621.06
2016/12/09,2609.22
2016/12/12,2481.91
2016/12/13,2501.74
2016/12/14,2481.75
2016/12/15,2493.85
2016/12/16,2501.04
2016/12/19,2502.35
2016/12/20,2495.87
2016/12/21,2517.22
2016/12/22,2509.53
2016/12/23,2473.88
2016/12/26,2487.3
2016/12/27,2480.22
2016/12/28,2476.69
2016/12/29,2468.86
2016/12/30,2466.68
2017/01/03,2484.95
2017/01/04,2529.28
2017/01/05,2528.49
2017/01/06,2507.14
2017/01/09,2513.29
2017/01/10,2503.76
2017/01/11,2480.88
2017/01/12,2452.23
2017/01/13,2416.55
2017/01/16,2350.86
2017/01/17,2375.84
2017/01/18,2367.28
2017/01/19,2355.65
2017/01/20,2397.68
2017/01/23,2426.16
2017/01/24,2417.39
2017/01/25,2420.25
2017/01/26,2445.04
2017/02/03,2436.17
2017/02/06,2468.32
2017/02/07,2471.28
2017/02/08,2489.47
2017/02/09,2503.94
2017/02/10,2508.74
2017/02/13,2526.38
2017/02/14,2535.15
2017/02/15,2503.76
2017/02/16,2528.87
2017/02/17,2493.72
2017/02/20,2525.98
2017/02/21,2546.22
2017/02/22,2563.46
2017/02/23,2559.59
2017/02/24,2555.89
2017/02/27,2542.53
2017/02/28,2561.55
2017/03/01,2568.63
2017/03/02,2562.98
2017/03/03,2574.07
2017/03/06,2605.21
2017/03/07,2602.59
2017/03/08,2593.19
2017/03/09,2570.49
2017/03/10,2585.75
2017/03/13,2616.9
2017/03/14,2623.92
2017/03/15,2636.73
2017/03/16,2670.24
2017/03/17,2638.54
2017/03/20,2639.41
2017/03/21,2650.51
2017/03/22,2640.46
2017/03/23,2641.51
2017/03/24,2651.09
2017/03/27,2640.26
2017/03/28,2630
2017/03/29,2629.62
2017/03/30,2595.2
2017/03/31,2616.66
2017/04/05,2695.3
2017/04/06,2705.44
2017/04/07,2718.24
2017/04/10,2707.6
2017/04/11,2710.65
2017/04/12,2688.49
2017/04/13,2715.3
2017/04/14,2679.4
2017/04/17,2651.93
2017/04/18,2631.79
2017/04/19,2600.22
2017/04/20,2591.82
2017/04/21,2576.44
2017/04/24,2490.48
2017/04/25,2504.63
2017/04/26,2516.94
2017/04/27,2531.31
2017/04/28,2544.36
2017/05/02,2548.91
2017/05/03,2535.42
2017/05/04,2523.49
2017/05/05,2492.64
2017/05/08,2444.03
2017/05/09,2459.3
2017/05/10,2420.29
2017/05/11,2415.33
2017/05/12,2410.72
2017/05/15,2421.69
2017/05/16,2495.29
2017/05/17,2490.42
2017/05/18,2478.05
2017/05/19,2462.82
2017/05/22,2432.62
2017/05/23,2376.81
2017/05/24,2387.32
2017/05/25,2407.32
2017/05/26,2390.55
2017/05/31,2373.14
2017/06/01,2326.33
2017/06/02,2339.81
2017/06/05,2355.09
2017/06/06,2365.13
2017/06/07,2409.33
2017/06/08,2412.8
2017/06/09,2427.84
2017/06/12,2405.54
2017/06/13,2454.35
2017/06/14,2453.14
2017/06/15,2475.7
2017/06/16,2493.5
2017/06/19,2508.02
2017/06/20,2521.04
2017/06/21,2528.33
2017/06/22,2494.75
2017/06/23,2513.86
2017/06/26,2565.88
2017/06/27,2571.9
2017/06/28,2554.16
2017/06/29,2574.48
2017/06/30,2588.53
2017/07/03,2603.38
2017/07/04,2586.86
2017/07/05,2623.07
2017/07/06,2642.96
2017/07/07,2674.66
2017/07/10,2675.57
2017/07/11,2620.87
2017/07/12,2635.83
2017/07/13,2641.6
2017/07/14,2653.51
2017/07/17,2564.25
2017/07/18,2608.21
2017/07/19,2686.31
2017/07/20,2688.62
2017/07/21,2692.3
2017/07/24,2693.78
2017/07/25,2692.2
2017/07/26,2707.48
2017/07/27,2693.04
2017/07/28,2712.42
2017/07/31,2774.69
2017/08/01,2771.5
2017/08/02,2754.03
2017/08/03,2767.26
2017/08/04,2754.81
2017/08/07,2787.98
2017/08/08,2773.96
2017/08/09,2784.37
2017/08/10,2722.24
2017/08/11,2641.16
2017/08/14,2704.94
2017/08/15,2721.89
2017/08/16,2706.28
2017/08/17,2731.61
2017/08/18,2718.64
2017/08/21,2748.32
2017/08/22,2763.2
2017/08/23,2731.01
2017/08/24,2719.85
2017/08/25,2760.08
2017/08/28,2806.95
2017/08/29,2798.27
2017/08/30,2820.62
2017/08/31,2832.21
2017/09/01,2871.48
2017/09/04,2898.86
2017/09/05,2894.44
2017/09/06,2928.85
2017/09/07,2899.26
2017/09/08,2918.48
2017/09/11,2967.93
2017/09/12,2951.33
2017/09/13,2966.94
2017/09/14,2949.51
2017/09/15,2899.28
2017/09/18,2936.34
2017/09/19,2923.18
2017/09/20,2945.43
2017/09/21,2890.57
2017/09/22,2863.54
2017/09/25,2817.73
2017/09/26,2850.17
2017/09/27,2895.37
2017/09/28,2901.73
2017/09/29,2925.22
2017/10/09,2976.13
2017/10/10,2975.99
2017/10/11,2922.59
2017/10/12,2919.47
2017/10/13,2957.93
2017/10/16,2944.4
2017/10/17,2929.92
2017/10/18,2898.74
2017/10/19,2847.19
2017/10/20,2889.62
2017/10/23,2918.09
2017/10/24,2909.68
2017/10/25,2962.63
2017/10/26,2999.48
2017/10/27,2987.99
2017/10/30,2962.14
2017/10/31,2997.73
2017/11/01,2997.47
2017/11/02,2919.1
2017/11/03,2909.59
2017/11/06,2960.95
2017/11/07,2966
2017/11/08,2970.29
2017/11/09,2993.16
2017/11/10,3013.15
2017/11/13,3038.27
2017/11/14,2994.89
2017/11/15,2965.8
2017/11/16,2952.01
2017/11/17,2872.77
2017/11/20,2909
2017/11/21,2923.52
2017/11/22,2919.6
2017/11/23,2847.97
2017/11/24,2825.39
2017/11/27,2762.18
2017/11/28,2815.5
2017/11/29,2834.23
2017/11/30,2810.21
2017/12/01,2830.67
2017/12/04,2831.37
2017/12/05,2758.99
2017/12/06,2768.86
2017/12/07,2749.5
2017/12/08,2783.41
2017/12/11,2824.5
2017/12/12,2806.17
2017/12/13,2812.59
2017/12/14,2794.9
2017/12/15,2757.01
2017/12/18,2745.07
2017/12/19,2758.81
2017/12/20,2723.91
2017/12/21,2754.66
2017/12/22,2757.59
2017/12/25,2742.26
2017/12/26,2758.99
2017/12/27,2748.25
2017/12/28,2763.91
2017/12/29,2779.71
2018/01/02,2817.08
2018/01/03,2857.3
2018/01/04,2872.29
2018/01/05,2864.44
2018/01/08,2885.27
2018/01/09,2874.82
2018/01/10,2844.41
2018/01/11,2848.7
2018/01/12,2817.06
2018/01/15,2744.74
2018/01/16,2742.77
2018/01/17,2739.09
2018/01/18,2762.28
2018/01/19,2756.4
2018/01/22,2778.48
2018/01/23,2792.42
2018/01/24,2800.81
2018/01/25,2812.18
2018/01/26,2799.57
2018/01/29,2782.5
2018/01/30,2761.36
2018/01/31,2727.34
2018/02/01,2624.56
2018/02/02,2651.17
2018/02/05,2641.3
2018/02/06,2525.1
2018/02/07,2526.63
2018/02/08,2549.41
2018/02/09,2436.62
2018/02/12,2516.16
2018/02/13,2535.96
2018/02/14,2555.98
2018/02/22,2644.11
2018/02/23,2660.25
2018/02/26,2725.12
2018/02/27,2705.35
2018/02/28,2734.66
2018/03/01,2746.85
2018/03/02,2739.17
2018/03/05,2733.38
2018/03/06,2762.76
2018/03/07,2724.34
2018/03/08,2743.33
2018/03/09,2764.47
2018/03/12,2822.94
2018/03/13,2808.4
2018/03/14,2790.32
2018/03/15,2782.76
2018/03/16,2757.91
2018/03/19,2744.48
2018/03/20,2725.62
2018/03/21,2694.53
2018/03/22,2693.76
2018/03/23,2538.01
2018/03/26,2604.14
2018/03/27,2667.79
2018/03/28,2619.05
2018/03/29,2646.92
2018/03/30,2681.51
2018/04/02,2669.89
2018/04/03,2639.78
2018/04/04,2618.76
2018/04/09,2623.64
2018/04/10,2665.82
2018/04/11,2677.85
2018/04/12,2647.13
2018/04/13,2638.31
2018/04/16,2611.43
2018/04/17,2543.01
2018/04/18,2577.44
2018/04/19,2611.32
2018/04/20,2554.19
2018/04/23,2553.03
2018/04/24,2611.1
2018/04/25,2615.19
2018/04/26,2559.47
2018/04/27,2580.69
2018/05/02,2588.08
2018/05/03,2598.45
2018/05/04,2585.49
2018/05/07,2640.43
2018/05/08,2651.58
2018/05/09,2646.1
2018/05/10,2646.39
2018/05/11,2615.92
2018/05/14,2628.23
2018/05/15,2676.65
2018/05/16,2657.07
2018/05/17,2639.42
2018/05/18,2648.95
2018/05/21,2675.56
2018/05/22,2684.84
2018/05/23,2649.14
2018/05/24,2633.89
2018/05/25,2600.76
2018/05/28,2592.58
2018/05/29,2567.76
2018/05/30,2502.37
2018/05/31,2538.49
2018/06/01,2501.89
2018/06/04,2503.7
2018/06/05,2549.72
2018/06/06,2553.08
2018/06/07,2553.75
2018/06/08,2526.49
2018/06/11,2511.88
2018/06/12,2560.36
2018/06/13,2526.35
2018/06/14,2521.74
2018/06/15,2484.9
2018/06/19,2349.47
2018/06/20,2379.99
2018/06/21,2341.08
2018/06/22,2384.59
2018/06/25,2371.65
2018/06/26,2386.1
2018/06/27,2354.41
2018/06/28,2327.89
2018/06/29,2411.45
2018/07/02,2382.69
2018/07/03,2401.75
2018/07/04,2344.96
2018/07/05,2282.69
2018/07/06,2287.57
2018/07/09,2350.52
2018/07/10,2376.94
2018/07/11,2348.25
2018/07/12,2412.93
2018/07/13,2442.06
2018/07/16,2442.79
2018/07/17,2446.1
2018/07/18,2421.1
2018/07/19,2410.35
2018/07/20,2421.8
2018/07/23,2440.54
2018/07/24,2476.84
2018/07/25,2485.53
2018/07/26,2451.65
2018/07/27,2445.75
2018/07/30,2427.2
2018/07/31,2418.73
2018/08/01,2375.04
2018/08/02,2337.09
2018/08/03,2289.23
2018/08/06,2241.68
2018/08/07,2313.3
2018/08/08,2264.14
2018/08/09,2324.81
2018/08/10,2334.96
2018/08/13,2353.69
2018/08/14,2340.89
2018/08/15,2285.12
2018/08/16,2271.51
2018/08/17,2222.76
2018/08/20,2246.55
2018/08/21,2281.49
2018/08/22,2252.07
2018/08/23,2284.56
2018/08/24,2277.56
2018/08/27,2340.92
2018/08/28,2344.89
2018/08/29,2330.44
2018/08/30,2284.21
2018/08/31,2260.73
2018/09/03,2264.25
2018/09/04,2281.12
2018/09/05,2241.66
2018/09/06,2241.38
2018/09/07,2244.54
2018/09/10,2207.94
2018/09/11,2216.93
2018/09/12,2196.24
2018/09/13,2206.13
2018/09/14,2188.1
2018/09/17,2160.04
2018/09/18,2200.41
2018/09/19,2228.69
2018/09/20,2223.55
2018/09/21,2257.01
2018/09/25,2254.11
2018/09/26,2265.69
2018/09/27,2253.87
2018/09/28,2271.01
2018/10/08,2187.2
2018/10/09,2187.2
2018/10/10,2176.15
2018/10/11,2036.63
2018/10/12,2037.19
2018/10/15,2006.46
2018/10/16,1964.42
2018/10/17,1984.96
2018/10/18,1920.2
2018/10/19,1972.63
2018/10/22,2070.25
2018/10/23,2009.98
2018/10/24,1995.38
2018/10/25,1982.96
2018/10/26,1977.01
2018/10/29,1942.6
2018/10/30,1962.75
2018/10/31,1998.64
2018/11/01,2012.73
2018/11/02,2072.04
2018/11/05,2066.69
2018/11/06,2060.95
2018/11/07,2054.17
2018/11/08,2039.48
2018/11/09,2031.8
2018/11/12,2075.27
2018/11/13,2095.44
2018/11/14,2073.88
2018/11/15,2103.38
2018/11/16,2111.39
2018/11/19,2118.6
2018/11/20,2064.01
2018/11/21,2045.63
2018/11/22,2039.96
2018/11/23,1976.99
2018/11/26,1961.61
2018/11/27,1975.9
2018/11/28,2008.49
2018/11/29,1966.85
2018/11/30,1987.61
2018/12/03,2055.06
2018/12/04,2069.41
2018/12/05,2051.17
2018/12/06,2014.05
2018/12/07,2014.76
2018/12/10,2002.76
2018/12/11,2025.38
2018/12/12,2031.22
2018/12/13,2055.04
2018/12/14,2015.34
2018/12/17,2004.69
2018/12/18,1990.78
2018/12/19,1960.3
2018/12/20,1961.03
2018/12/21,1947.02
2018/12/24,1969.05
2018/12/25,1948.39
2018/12/26,1934.2
2018/12/27,1917.45
2018/12/28,1911.96
2019/01/02,1894.1
2019/01/03,1879.38
2019/01/04,1923.02
2019/01/07,1958.72
2019/01/08,1960.38
2019/01/09,1964.54
2019/01/10,1959.79
2019/01/11,1970.89
2019/01/14,1954.44
2019/01/15,1979.31
2019/01/16,1976.39
2019/01/17,1956.26
2019/01/18,1976.33
2019/01/21,1993.84
2019/01/22,1970.35
2019/01/23,1968.46
2019/01/24,1981.87
2019/01/25,1975.35
2019/01/28,1976.97
2019/01/29,1956.1
2019/01/30,1940.65
2019/01/31,1929.85
2019/02/01,1978.81
2019/02/11,2029.17
2019/02/12,2053.51
2019/02/13,2101.95
2019/02/14,2107.14
2019/02/15,2099.91
2019/02/18,2181.73
2019/02/19,2182.32
2019/02/20,2196.62
2019/02/21,2204.46
2019/02/22,2262.18
2019/02/25,2374.23
2019/02/26,2376.39
2019/02/27,2354.64
2019/02/28,2353.32
2019/03/01,2371.53
2019/03/04,2426.77
2019/03/05,2496.24
2019/03/06,2531.79
2019/03/07,2544.41
2019/03/08,2468.05
2019/03/11,2569.59
2019/03/12,2617.51
2019/03/13,2535.3
2019/03/14,2490.71
2019/03/15,2527.11
2019/03/18,2609.55
2019/03/19,2636.12
2019/03/20,2632.14
2019/03/21,2659.85
2019/03/22,2679.02
2019/03/25,2643.35
2019/03/26,2585.89
2019/03/27,2606.49
2019/03/28,2591.37
2019/03/29,2680.49
2019/04/01,2788.28
2019/04/02,2778.47
2019/04/03,2814.17
2019/04/04,2832.32
2019/04/08,2837.21
2019/04/09,2821.81
2019/04/10,2824.2
2019/04/11,2744.7
2019/04/12,2767.21
2019/04/15,2737.03
2019/04/16,2805.39
2019/04/17,2823.93
2019/04/18,2810.96
2019/04/19,2820.47
2019/04/22,2803.49
2019/04/23,2772.33
2019/04/24,2823.89
2019/04/25,2738.38
2019/04/26,2711.76
2019/04/29,2648.55
2019/04/30,2668.27
2019/05/06,2447.49
2019/05/07,2454.02
2019/05/08,2417.9
2019/05/09,2397.18
2019/05/10,2512.48
2019/05/13,2476.35
2019/05/14,2463.92
2019/05/15,2525.54
2019/05/16,2520.77
2019/05/17,2439.32
2019/05/20,2417.85
2019/05/21,2466.5
2019/05/22,2455.23
2019/05/23,2405.6
2019/05/24,2389.54
2019/05/27,2457.87
2019/05/28,2479.68
2019/05/29,2471.32
2019/05/30,2458.5
2019/05/31,2469.85
2019/06/03,2460.84
2019/06/04,2442.97
2019/06/05,2436.38
2019/06/06,2383.97
2019/06/10,2404.52
2019/06/11,2510.92
2019/06/12,2482.68
2019/06/13,2486.91
2019/06/14,2445.35
2019/06/17,2444.79
2019/06/18,2461.91
2019/06/19,2491.32
2019/06/20,2549.71
2019/06/21,2573.77
2019/06/24,2560.26
2019/06/25,2535.66
2019/06/26,2542.9
2019/06/27,2577.75
2019/06/28,2556.4
2019/07/01,2639.23
2019/07/02,2639.72
2019/07/03,2609.23
2019/07/04,2589.56
2019/07/05,2606.72
2019/07/08,2538.97
2019/07/09,2542.56
2019/07/10,2535.5
2019/07/11,2534.34
2019/07/12,2553.1
2019/07/15,2603.69
2019/07/16,2609.58
2019/07/17,2615.02
2019/07/18,2570.03
2019/07/19,2601.72
2019/07/22,2553.16
2019/07/23,2589.96
2019/07/24,2604.59
2019/07/25,2613.35
2019/07/26,2628.9
2019/07/29,2619.39
2019/07/30,2636.63
2019/07/31,2621.39
2019/08/01,2615.08
2019/08/02,2576.45
2019/08/05,2532.75
2019/08/06,2505.23
2019/08/07,2488.91
2019/08/08,2518.99
2019/08/09,2482.57
2019/08/12,2531.28
2019/08/13,2520.24
2019/08/14,2545.73
2019/08/15,2558.31
2019/08/16,2559.9
2019/08/19,2628.93
2019/08/20,2619.33
2019/08/21,2623.21
2019/08/22,2632.01
2019/08/23,2636.27
2019/08/26,2619.31
2019/08/27,2652.47
2019/08/28,2642.19
2019/08/29,2656.44
2019/08/30,2645.13
2019/09/02,2722.09
2019/09/03,2748.72
2019/09/04,2775.12
2019/09/05,2795.74
2019/09/06,2790.97
2019/09/09,2857.61
2019/09/10,2855.04
2019/09/11,2833.86
2019/09/12,2831.71
2019/09/16,2839.74
2019/09/17,2785.82
2019/09/18,2792.63
2019/09/19,2816.01
2019/09/20,2825.93
2019/09/23,2809.68
2019/09/24,2831.57
2019/09/25,2785.27
2019/09/26,2698.93
2019/09/27,2722.5
2019/09/30,2688.28
2019/10/08,2702
2019/10/09,2728.32
2019/10/10,2806.37
2019/10/11,2802.74
2019/10/14,2833.91
2019/10/15,2802.83
2019/10/16,2800.1
2019/10/17,2793.19
2019/10/18,2758.79
2019/10/21,2754.55
2019/10/22,2786.75
2019/10/23,2767.54
2019/10/24,2768.73
2019/10/25,2814.39
2019/10/28,2874.34
2019/10/29,2847.28
2019/10/30,2845.5
2019/10/31,2824.89
2019/11/01,2849.1
2019/11/04,2880.23
2019/11/05,2903.76
2019/11/06,2874.76
2019/11/07,2897.7
2019/11/08,2864.39
2019/11/11,2819.72
2019/11/12,2809.97
2019/11/13,2841.14
2019/11/14,2859.99
2019/11/15,2798.07
2019/11/18,2822.47
2019/11/19,2882.13
2019/11/20,2842.52
2019/11/21,2836.19
2019/11/22,2780.46
2019/11/25,2742.14
2019/11/26,2774.37
2019/11/27,2781.22
2019/11/28,2783.93
2019/11/29,2766.67
2019/12/02,2798.01
2019/12/03,2812.99
2019/12/04,2824.35
2019/12/05,2863.61
2019/12/06,2892.28
2019/12/09,2875.89
2019/12/10,2862.46
2019/12/11,2836.55
2019/12/12,2846.15
2019/12/13,2890.42
2019/12/16,2913.5
2019/12/17,2952.67
2019/12/18,2927.81
2019/12/19,2898.92
2019/12/20,2892.75
2019/12/23,2829.98
2019/12/24,2861.85
2019/12/25,2886.87
2019/12/26,2884.48
2019/12/27,2879.19
2019/12/30,2910.12
2019/12/31,2947.27
2020/01/02,3030.62
2020/01/03,3037.77
2020/01/06,3091.94
2020/01/07,3123.7
2020/01/08,3091.72
2020/01/09,3144.69
2020/01/10,3134.95
2020/01/13,3197.67
2020/01/14,3170.51
2020/01/15,3185.71
2020/01/16,3171.02
2020/01/17,3157.33
2020/01/20,3252.68
2020/01/21,3230.89
2020/01/22,3267.54
2020/01/23,3137.17
2020/02/03,2858.17
2020/02/04,2984.92
2020/02/05,3021.6
2020/02/06,3110.24
2020/02/07,3140.64
2020/02/10,3182.41
2020/02/11,3211.7
2020/02/12,3251.67
2020/02/13,3266.53
2020/02/14,3305.61
2020/02/17,3383.7
2020/02/18,3414.82
2020/02/19,3442.64
2020/02/20,3546.97
2020/02/21,3595.51
2020/02/24,3673.82
2020/02/25,3770.51
2020/02/26,3643.08
2020/02/27,3606.94
2020/02/28,3453.76
2020/03/02,3551.82
2020/03/03,3583.7
2020/03/04,3552.91
2020/03/05,3660
2020/03/06,3626.91
2020/03/09,3482.76
2020/03/10,3546.99
2020/03/11,3480.22
2020/03/12,3376.35
2020/03/13,3379.94
2020/03/16,3179.26
2020/03/17,3185.46
2020/03/18,3184.53
2020/03/19,3204.07
2020/03/20,3205.05
2020/03/23,3050.73
2020/03/24,3121.73
2020/03/25,3214
2020/03/26,3169.58
2020/03/27,3157.06
2020/03/30,3155.07
2020/03/31,3238.76
2020/04/01,3230.66
2020/04/02,3318.47
2020/04/03,3317.38
2020/04/07,3436.05
2020/04/08,3405.54
2020/04/09,3411.6
2020/04/10,3334.3
2020/04/13,3264.08
2020/04/14,3343.28
2020/04/15,3331.25
2020/04/16,3338.17
2020/04/17,3386.31
2020/04/20,3407.94
2020/04/21,3379.31
2020/04/22,3455.06
2020/04/23,3419.79
2020/04/24,3380.98
2020/04/27,3418.83
2020/04/28,3458.39
2020/04/29,3433.83
2020/04/30,3513.69
2020/05/06,3591.1
2020/05/07,3602.1
2020/05/08,3614.96
2020/05/11,3562.46
2020/05/12,3580
2020/05/13,3612.82
2020/05/14,3577.62
2020/05/15,3647.05
2020/05/18,3597.4
2020/05/19,3670.06
2020/05/20,3594.52
2020/05/21,3533.3
2020/05/22,3463.96
2020/05/25,3459.17
2020/05/26,3554.47
2020/05/27,3478.92
2020/05/28,3483.54
2020/05/29,3519.41
2020/06/01,3668.07
2020/06/02,3641.84
2020/06/03,3660.31
2020/06/04,3640.28
2020/06/05,3687.23
2020/06/08,3647.03
2020/06/09,3703.56
2020/06/10,3734.34
2020/06/11,3703.79
2020/06/12,3726.46
2020/06/15,3708.17
2020/06/16,3772.83
2020/06/17,3773.2
2020/06/18,3804.2
2020/06/19,3903.17
2020/06/22,3978.42
2020/06/23,4033.63
2020/06/24,4038.52
2020/06/29,4027.13
2020/06/30,4161.82
2020/07/01,4189.27
2020/07/02,4258.06
2020/07/03,4300.2
2020/07/06,4538.93
2020/07/07,4620.14
2020/07/08,4772.25
2020/07/09,4955.43
2020/07/10,4935.28
2020/07/13,5103.61
2020/07/14,5127.02
2020/07/15,4942.71
2020/07/16,4566.32
2020/07/17,4604.79
2020/07/20,4732.84
2020/07/21,4772.58
2020/07/22,4831.58
2020/07/23,4834.43
2020/07/24,4530.8
2020/07/27,4563.59
2020/07/28,4609.44
2020/07/29,4787.49
2020/07/30,4732.74
2020/07/31,4798.76
2020/08/03,4955.01
2020/08/04,4907.58
2020/08/05,5000.02
2020/08/06,5037.84
2020/08/07,4933.71
2020/08/10,4868.05
2020/08/11,4759.47
2020/08/12,4718.75
2020/08/13,4692.22
2020/08/14,4762.84
2020/08/17,4876.59
2020/08/18,4873.87
2020/08/19,4740.92
2020/08/20,4722.89
2020/08/21,4764.22
2020/08/24,4799.14
2020/08/25,4779.61
2020/08/26,4636.93
2020/08/27,4721.46
2020/08/28,4807.75
2020/08/31,4753.59
2020/09/01,4789.9
2020/09/02,4786.6
2020/09/03,4732.44
2020/09/04,4711.38
2020/09/07,4556.44
2020/09/08,4509
2020/09/09,4333.83
2020/09/10,4296.74
2020/09/11,4415.45
2020/09/14,4437.73
2020/09/15,4466.82
2020/09/16,4423.07
2020/09/17,4429.44
2020/09/18,4516.33
2020/09/21,4503.96
2020/09/22,4444.15
2020/09/23,4456.57
2020/09/24,4364.76
2020/09/25,4372.34
2020/09/28,4342.37
2020/09/29,4405.93
2020/09/30,4399.79
2020/10/09,4538.74
2020/10/12,4713.41
2020/10/13,4713.78
2020/10/14,4652.41
2020/10/15,4635.15
2020/10/16,4594.76
2020/10/19,4575.81
2020/10/20,4645.35
2020/10/21,4529.63
2020/10/22,4493.34
2020/10/23,4375.36
2020/10/26,4370.39
2020/10/27,4417.43
2020/10/28,4459.64
2020/10/29,4475.59
2020/10/30,4401.42
2020/11/02,4513.14
2020/11/03,4580.55
2020/11/04,4580.85
2020/11/05,4684.12
2020/11/06,4687.55
2020/11/09,4790.28
2020/11/10,4715.32
2020/11/11,4535.5
2020/11/12,4593.29
2020/11/13,4575.89
2020/11/16,4603
2020/11/17,4569.52
2020/11/18,4587
2020/11/19,4585.22
2020/11/20,4680.15
2020/11/23,4752.22
2020/11/24,4749.53
2020/11/25,4653.68
2020/11/26,4620.94
2020/11/27,4636.71
2020/11/30,4692.87
2020/12/01,4807.37
2020/12/02,4798.47
2020/12/03,4748.91
2020/12/04,4777.91
2020/12/07,4768
2020/12/08,4802.28
2020/12/09,4724.58
2020/12/10,4734.64
2020/12/11,4630.54
2020/12/14,4699.78
2020/12/15,4758.36
2020/12/16,4710.01
2020/12/17,4782.71
2020/12/18,4832.18
2020/12/21,4995.26
2020/12/22,4843.08
2020/12/23,4954.96
2020/12/24,4973.13
2020/12/25,5040.86
2020/12/28,5042.78
2020/12/29,4940.41
2020/12/30,5083.52
2020/12/31,5226.72
2021/01/04,5410.03
2021/01/05,5518.8
2021/01/06,5561.09
2021/01/07,5748.52
2021/01/08,5739.41
2021/01/11,5692.94
2021/01/12,5936.44
2021/01/13,5941.76
2021/01/14,5803.03
2021/01/15,5763.67
2021/01/18,5904.17
2021/01/19,5770.52
2021/01/20,5917.33
2021/01/21,6077.38
2021/01/22,6149.35
2021/01/25,6246.34
2021/01/26,6009.66
2021/01/27,6030.68
2021/01/28,5740.89
2021/01/29,5692.26
2021/02/01,5781.02
2021/02/02,5934.2
2021/02/03,5840.81
2021/02/04,5791.16
2021/02/05,5659.44
2021/02/08,5773.3
2021/02/09,5969.55
2021/02/10,6089.84
2021/02/18,6145.29
2021/02/19,6101.59
2021/02/22,5928.19
2021/02/23,5849.46
2021/02/24,5623.94
2021/02/25,5572.98
2021/02/26,5385.98
2021/03/01,5555.73
2021/03/02,5448.72
2021/03/03,5558.23
2021/03/04,5304.67
2021/03/05,5304.91
2021/03/08,5081.82
2021/03/09,4915.41
2021/03/10,4997.13
2021/03/11,5110.03
2021/03/12,5141.69
2021/03/15,5036.88
2021/03/16,5027.21
2021/03/17,5122.69
2021/03/18,5197.92
2021/03/19,5019.95
2021/03/22,5147.6
2021/03/23,5044.48
2021/03/24,4898.74
2021/03/25,4878.61
2021/03/26,5077.83
2021/03/29,5052.09
2021/03/30,5129.99
2021/03/31,5066.93
2021/04/01,5134.9
2021/04/02,5260.8
2021/04/06,5281.9
2021/04/07,5282.33
2021/04/08,5280.04
2021/04/09,5211.07
2021/04/12,5020.95
2021/04/13,5044.13
2021/04/14,5206.63
2021/04/15,5200.52
2021/04/16,5181.69
2021/04/19,5353.09
2021/04/20,5330.87
2021/04/21,5356.04
2021/04/22,5403.88
2021/04/23,5486.43
2021/04/26,5511.29
2021/04/27,5562.76
2021/04/28,5608.8
2021/04/29,5626.3
2021/04/30,5661.26
2021/05/06,5624.33
2021/05/07,5475.25
2021/05/10,5503.4
2021/05/11,5437.66
2021/05/12,5486.63
2021/05/13,5362.41
2021/05/14,5455.2
2021/05/17,5569.53
2021/05/18,5607.3
2021/05/19,5673.1
2021/05/20,5609.85
2021/05/21,5608.32
2021/05/24,5640.98
2021/05/25,5724.32
2021/05/26,5694
2021/05/27,5740.35
2021/05/28,5819.49
2021/05/31,6013.55
2021/06/01,5998.32
2021/06/02,5923.66
2021/06/03,5903.41
2021/06/04,5979.27
2021/06/07,5993.11
2021/06/08,5908.21
2021/06/09,5930.18
2021/06/10,6049.32
2021/06/11,6084.98
2021/06/15,6018.21
2021/06/16,5786.03
2021/06/17,5935.13
2021/06/18,6057.37
2021/06/21,6102.16
2021/06/22,6152.94
2021/06/23,6309.16
2021/06/24,6265.28
2021/06/25,6381.87
2021/06/28,6463.55
2021/06/29,6444.37
2021/06/30,6619.48
2021/07/01,6502.48
2021/07/02,6487.72
2021/07/05,6651.75
2021/07/06,6654.07
2021/07/07,6895.99
2021/07/08,7007.86
2021/07/09,7102.02
2021/07/12,7423.92
2021/07/13,7404.5
2021/07/14,7261.99
2021/07/15,7458.83
2021/07/16,7343.76
2021/07/19,7232.09
2021/07/20,7321.24
2021/07/21,7630.12
2021/07/22,7745.8
2021/07/23,7642.08
2021/07/26,7636.52
2021/07/27,7264.63
2021/07/28,7228.17
2021/07/29,7589.86
2021/07/30,7581.67
2021/08/02,7688.7
2021/08/03,7360.4
2021/08/04,7728.97
2021/08/05,7656.03
2021/08/06,7736.52
2021/08/09,7588.9
2021/08/10,7526.22
2021/08/11,7625.68
2021/08/12,7666.85
2021/08/13,7658.24
2021/08/16,7407.88
2021/08/17,7247.24
2021/08/18,7304.73
2021/08/19,7469.11
2021/08/20,7436.57
2021/08/23,7623.45
2021/08/24,7843.95
2021/08/25,7931.97
2021/08/26,7854.85
2021/08/27,7984.92
2021/08/30,8142.17
2021/08/31,8181.83
2021/09/01,7853.02
2021/09/02,7986.1
2021/09/03,7791.04
2021/09/06,7927.37
2021/09/07,8191.42
2021/09/08,8072.19
2021/09/09,8206.44
2021/09/10,8382.81
2021/09/13,8411.06
2021/09/14,8493.51
2021/09/15,8558.76
2021/09/16,8193.62
2021/09/17,8251.02
2021/09/22,8263.47
2021/09/23,8217.52
2021/09/24,8177.63
2021/09/27,7931.11
2021/09/28,7775.41
2021/09/29,7520.79
2021/09/30,7829.81
2021/10/08,7696.74
2021/10/11,7688.21
2021/10/12,7432.42
2021/10/13,7689.41
2021/10/14,7767.63
2021/10/15,7964.56
2021/10/18,8100.01
2021/10/19,8147.31
2021/10/20,8247.24
2021/10/21,8193.26
2021/10/22,8106.09
2021/10/25,8289.85
2021/10/26,8268.05
2021/10/27,8358.26
2021/10/28,8119.82
2021/10/29,8228.07
2021/11/01,8072.19
2021/11/02,8010.51
2021/11/03,7960.64
2021/11/04,8025.51
2021/11/05,7835.83
2021/11/08,8081.3
2021/11/09,8168.25
2021/11/10,7970.8
2021/11/11,7997.8
2021/11/12,8018.51
2021/11/15,7795.95
2021/11/16,7660.19
2021/11/17,7857.28
2021/11/18,7890.35
2021/11/19,7871.6
2021/11/22,8182.9
2021/11/23,8100.81
2021/11/24,7978.15
2021/11/25,7916.03
2021/11/26,8008.48
2021/11/29,8156.89
2021/11/30,8172.04
2021/12/01,8101.8
2021/12/02,8105.57
2021/12/03,8198.2
2021/12/06,8026.01
2021/12/07,7796.65
2021/12/08,8001.69
2021/12/09,7964.43
2021/12/10,8022.44
2021/12/13,7983.95
2021/12/14,7881.97
2021/12/15,7811.25
2021/12/16,7819.32
2021/12/17,7653.66
2021/12/20,7412.84
2021/12/21,7424.44
2021/12/22,7492.17
2021/12/23,7467.27
2021/12/24,7198.15
2021/12/27,7216.5
2021/12/28,7418.84
2021/12/29,7385.47
2021/12/30,7475.05
2021/12/31,7542.56
2022/01/04,7372.28
2022/01/05,7098.72
2022/01/06,7116.84
2022/01/07,6936.68
2022/01/10,6961.38
2022/01/11,6896.45
2022/01/12,7144.29
2022/01/13,7028.13
2022/01/14,7120.24
2022/01/17,7228.99
2022/01/18,7198.98
2022/01/19,7010.31
2022/01/20,6935.15
2022/01/21,6907.51
2022/01/24,7086.33
2022/01/25,6938.88
2022/01/26,7011.03
2022/01/27,6854.95
2022/01/28,6775.78
2022/02/07,6844.86
2022/02/08,6642.01
2022/02/09,6754.93
2022/02/10,6685.74
2022/02/11,6604.48
2022/02/14,6657.93
2022/02/15,6907.27
2022/02/16,6928.42
2022/02/17,7103.76
2022/02/18,7061.54
2022/02/21,7045.33
2022/02/22,7070.61
2022/02/23,7304.52
2022/02/24,7206.57
2022/02/25,7377.99
2022/02/28,7468.69
2022/03/01,7383.06
2022/03/02,7281.73
2022/03/03,7133.79
2022/03/04,6992.94
2022/03/07,6736.7
2022/03/08,6484.67
2022/03/09,6467.2
2022/03/10,6713.34
2022/03/11,6731.72
2022/03/14,6535.38
2022/03/15,6408.8
2022/03/16,6735.39
2022/03/17,6887.14
2022/03/18,6817.22
2022/03/21,6906.71
2022/03/22,6850.21
2022/03/23,6866.38
2022/03/24,6863.81
2022/03/25,6709.6
2022/03/28,6550.45
2022/03/29,6608.35
2022/03/30,6832.91
2022/03/31,6668.2
2022/04/01,6710.3
2022/04/06,6544.46
2022/04/07,6454.08
2022/04/08,6426.51
2022/04/11,6066.95
2022/04/12,6155.02
2022/04/13,6065.5
2022/04/14,6062.49
2022/04/15,5955.31
2022/04/18,6039.33
2022/04/19,6008.32
2022/04/20,5805.48
2022/04/21,5607.8
2022/04/22,5533.96
2022/04/25,5129.88
2022/04/26,4974.5
2022/04/27,5381.71
2022/04/28,5397.46
2022/04/29,5652.32
2022/05/05,5620.41
2022/05/06,5511.78
2022/05/09,5497.78
2022/05/10,5654.11
2022/05/11,5870.75
2022/05/12,5879.21
2022/05/13,5922.44
2022/05/16,5875.95
2022/05/17,6041.27
2022/05/18,6050.76
2022/05/19,6144.14
2022/05/20,6176.09
2022/05/23,6237.68
2022/05/24,6003.22
2022/05/25,6035.73
2022/05/26,6030.04
2022/05/27,6001.49
2022/05/30,6090.43
2022/05/31,6191.25
2022/06/01,6215.8
2022/06/02,6372.46
2022/06/06,6648.17
2022/06/07,6605.9
2022/06/08,6685.2
2022/06/09,6559.6
2022/06/10,6740.66
2022/06/13,6807.92
2022/06/14,6728.57
2022/06/15,6673.72
2022/06/16,6764.18
2022/06/17,6984.1
2022/06/20,7073.48
2022/06/21,6953.73
2022/06/22,6948.37
2022/06/23,7161.62
2022/06/24,7246.44
2022/06/27,7389.45
2022/06/28,7516.2
2022/06/29,7251.6
2022/06/30,7400.43
2022/07/01,7455.51
2022/07/04,7566.69
2022/07/05,7563.83
2022/07/06,7557.6
2022/07/07,7670.48
2022/07/08,7514.26
2022/07/11,7331.54
2022/07/12,7157.48
2022/07/13,7181.3
2022/07/14,7381.98
2022/07/15,7343.66
2022/07/18,7301.39
2022/07/19,7281.63
2022/07/20,7366.37
2022/07/21,7310.78
2022/07/22,7270.55
2022/07/25,7209.99
2022/07/26,7292.18
2022/07/27,7329.06
2022/07/28,7315.9
2022/07/29,7227.83
2022/08/01,7363.73
2022/08/02,7221.71
2022/08/03,7108.49
2022/08/04,7134.44
2022/08/05,7304.72
2022/08/08,7386.53
2022/08/09,7465.8
2022/08/10,7416.71
2022/08/11,7446.18
2022/08/12,7336.09
2022/08/15,7469.87
2022/08/16,7506.57
2022/08/17,7491.34
2022/08/18,7545.75
2022/08/19,7321.08
2022/08/22,7384.88
2022/08/23,7435.46
2022/08/24,7162.74
2022/08/25,7071.08
2022/08/26,7047.46
2022/08/29,7070.73
2022/08/30,7019.58
2022/08/31,6726.35
2022/09/01,6732.98
2022/09/02,6728.78
2022/09/05,6754.7
2022/09/06,6918.38
2022/09/07,7065.37
2022/09/08,6994.71
2022/09/09,6983.31
2022/09/13,6989.15
2022/09/14,6922.63
2022/09/15,6591.08
2022/09/16,6519.95
2022/09/19,6472.32
2022/09/20,6586.22
2022/09/21,6507.55
2022/09/22,6535.88
2022/09/23,6396.94
2022/09/26,6460.18
2022/09/27,6544.79
2022/09/28,6305.28
2022/09/29,6345.85
2022/09/30,6148.25
2022/10/10,5956.14
2022/10/11,5970.46
2022/10/12,6184.23
2022/10/13,6206.01
2022/10/14,6383.13
2022/10/17,6367.26
2022/10/18,6395.49
2022/10/19,6352.32
2022/10/20,6309.24
2022/10/21,6329.38
2022/10/24,6277.21
2022/10/25,6270.12
2022/10/26,6394.91
2022/10/27,6312.57
2022/10/28,6121.87
2022/10/31,6122.35
2022/11/01,6267.29
2022/11/02,6385.03
2022/11/03,6448.47
2022/11/04,6673.79
2022/11/07,6691.43
2022/11/08,6629.7
2022/11/09,6488.17
2022/11/10,6326.14
2022/11/11,6396.64
2022/11/14,6198.44
2022/11/15,6294.15
2022/11/16,6190.87
2022/11/17,6107.51
2022/11/18,6095.57
2022/11/21,6125.86
2022/11/22,6022.45
2022/11/23,6120.9
2022/11/24,6139.06
2022/11/25,5980.1
2022/11/28,5976.77
2022/11/29,5951.82
2022/11/30,6021.51
2022/12/01,6107.44
2022/12/02,6096.1
2022/12/05,6014.79
2022/12/06,6033.47
2022/12/07,6100.82
2022/12/08,6113.52
2022/12/09,6100.14
2022/12/12,6038.32
2022/12/13,5934.44
2022/12/14,5888.63
2022/12/15,6016.98
2022/12/16,5880.38
2022/12/19,5847.75
2022/12/20,5786.23
2022/12/21,5705.18
2022/12/22,5633.83
2022/12/23,5526.23
2022/12/26,5809.41
2022/12/27,5888.74
2022/12/28,5852.85
2022/12/29,5870.35
2022/12/30,5878.5
2023/01/03,5977.84
2023/01/04,5882.36
2023/01/05,6028.5
2023/01/06,6175.72
2023/01/09,6193.3
2023/01/10,6253.06
2023/01/11,6178.87
2023/01/12,6211.46
2023/01/13,6199.05
2023/01/16,6212.55
2023/01/17,6228.83
2023/01/18,6238
2023/01/19,6209.74
2023/01/20,6272.1
2023/01/30,6396.46
2023/01/31,6403.4
2023/02/01,6474.18
2023/02/02,6429.32
2023/02/03,6350.93
2023/02/06,6284.02
2023/02/07,6265.78
2023/02/08,6224.15
2023/02/09,6319.95
2023/02/10,6228.05
2023/02/13,6272.34
2023/02/14,6224.7
2023/02/15,6166.57
2023/02/16,6068.94
2023/02/17,5942.73
2023/02/20,5994.27
2023/02/21,6007.41
2023/02/22,5947.65
2023/02/23,6026.7
2023/02/24,5971.38
2023/02/27,5961.25
2023/02/28,5982.08
2023/03/01,5938.46
2023/03/02,5850.45
2023/03/03,5879.93
2023/03/06,5998.61
2023/03/07,5918.08
2023/03/08,5877.34
2023/03/09,5840.16
2023/03/10,5763.33
2023/03/13,5712.2
2023/03/14,5640.63
2023/03/15,5623.46
2023/03/16,5425.04
2023/03/17,5371.26
2023/03/20,5429.21
2023/03/21,5512.49
2023/03/22,5518.66
2023/03/23,5484.63
2023/03/24,5495.28
2023/03/27,5535.81
2023/03/28,5497.1
2023/03/29,5524.26
2023/03/30,5562.35
2023/03/31,5587.52
2023/04/03,5596.27
2023/04/04,5471.46
2023/04/06,5489.43
2023/04/07,5478.8
2023/04/10,5541.35
2023/04/11,5506.46
2023/04/12,5412.53
2023/04/13,5400.24
2023/04/14,5479.04
2023/04/17,5526.6
2023/04/18,5584.5
2023/04/19,5552.2
2023/04/20,5426.53
2023/04/21,5402.37
2023/04/24,5332.35
2023/04/25,5186.11
2023/04/26,5453.18
2023/04/27,5519.69
2023/04/28,5459.69
2023/05/04,5409.67
2023/05/05,5312.12
2023/05/08,5350.24
2023/05/09,5256.57
2023/05/10,5334.87
2023/05/11,5371.89
2023/05/12,5301
2023/05/15,5438.11
2023/05/16,5433.51
2023/05/17,5454.24
2023/05/18,5405.7
2023/05/19,5403.53
2023/05/22,5432.34
2023/05/23,5365.28
2023/05/24,5397.04
2023/05/25,5426.08
2023/05/26,5362.09
2023/05/29,5268.84
2023/05/30,5306.89
2023/05/31,5269.31
2023/06/01,5261.63
2023/06/02,5326.42
2023/06/05,5264.33
2023/06/06,5208.69
2023/06/07,5126
2023/06/08,5117.24
2023/06/09,5170.48
2023/06/12,5194.47
2023/06/13,5196.26
2023/06/14,5166.09
2023/06/15,5340.95
2023/06/16,5396.16
2023/06/19,5396.22
2023/06/20,5404.8
2023/06/21,5334.59
2023/06/26,5294.52
2023/06/27,5321.16
2023/06/28,5323.58
2023/06/29,5316.39
2023/06/30,5390.79
2023/07/03,5443.9
2023/07/04,5447.5
2023/07/05,5383.45
2023/07/06,5357.45
2023/07/07,5285.21
2023/07/10,5339.02
2023/07/11,5377.39
2023/07/12,5321.44
2023/07/13,5345.52
2023/07/14,5282.22
2023/07/17,5275.38
2023/07/18,5254.72
2023/07/19,5196.41
2023/07/20,5150.51
2023/07/21,5111.31
2023/07/24,5076.36
2023/07/25,5168.64
2023/07/26,5139.72
2023/07/27,5135.63
2023/07/28,5173.64
2023/07/31,5243.93
2023/08/01,5197.87
2023/08/02,5182.84
2023/08/03,5207.01
2023/08/04,5241.2
2023/08/07,5217.33
2023/08/08,5181.26
2023/08/09,5130.04
2023/08/10,5142.98
2023/08/11,5042.04
2023/08/14,5072.49
2023/08/15,5004.97
2023/08/16,4917.48
2023/08/17,4979.68
2023/08/18,4877.26
2023/08/21,4823.58
2023/08/22,4891.31
2023/08/23,4781.99
2023/08/24,4820.27
2023/08/25,4730.1
2023/08/28,4763.18
2023/08/29,4922.67
2023/08/30,4958.52
2023/08/31,4917.37
2023/09/01,4911.58
2023/09/04,4959.29
2023/09/05,4925.62
2023/09/06,4934.88
2023/09/07,4808.58
2023/09/08,4822.28
2023/09/11,4895.44
2023/09/12,4888.73
2023/09/13,4815.75
2023/09/14,4766.59
2023/09/15,4757.42
2023/09/18,4765.5
2023/09/19,4718.34
2023/09/20,4664.83
2023/09/21,4635.89
2023/09/22,4719.95
2023/09/25,4698.3
2023/09/26,4706.15
2023/09/27,4723.16
2023/09/28,4780.69
2023/10/09,4794.4
2023/10/10,4768.43
2023/10/11,4747.25
2023/10/12,4802.98
2023/10/13,4737.87
2023/10/16,4687.03
2023/10/17,4699.08
2023/10/18,4624.27
2023/10/19,4566.79
2023/10/20,4528.16
2023/10/23,4427.69
2023/10/24,4509.47
2023/10/25,4540.78
2023/10/26,4596.28
2023/10/27,4667.42
2023/10/30,4696.94
2023/10/31,4641.39
2023/11/01,4630.09
2023/11/02,4570.18
2023/11/03,4639.18
2023/11/06,4725.57
2023/11/07,4727.71
2023/11/08,4700.99
2023/11/09,4702.74
2023/11/10,4683.89
2023/11/13,4724.16
2023/11/14,4746.35
2023/11/15,4778.69
2023/11/16,4713.8
2023/11/17,4759.14
2023/11/20,4761.38
2023/11/21,4739.58
2023/11/22,4632.64
2023/11/23,4695.59
2023/11/24,4623.56
2023/11/27,4664.77
2023/11/28,4672.81
2023/11/29,4659.63
2023/11/30,4658.57
2023/12/01,4659.99
2023/12/04,4674.72
2023/12/05,4610.74
2023/12/06,4636.17
2023/12/07,4647.28
2023/12/08,4727.11
2023/12/11,4780.75
2023/12/12,4769.36
2023/12/13,4721.72
2023/12/14,4693.04
2023/12/15,4650.76
2023/12/18,4627.49
2023/12/19,4644.42
2023/12/20,4572.53
2023/12/21,4615.96
2023/12/22,4591.08
2023/12/25,4617.47
2023/12/26,4549.06
2023/12/27,4604.28
2023/12/28,4664.74
2023/12/29,4751.42
2024/01/02,4731.05
2024/01/03,4700.18
2024/01/04,4656.56
2024/01/05,4579.01
2024/01/08,4537.55
2024/01/09,4557.03
2024/01/10,4529.01
2024/01/11,4604.52
2024/01/12,4581.01
2024/01/15,4580.21
2024/01/16,4599.83
2024/01/17,4489.47
2024/01/18,4554.47
2024/01/19,4517.5
2024/01/22,4356.85
2024/01/23,4432.11
2024/01/24,4467.65
2024/01/25,4591.13
2024/01/26,4544.05
2024/01/29,4387.14
2024/01/30,4314.16
2024/01/31,4229.35
2024/02/01,4303.14
2024/02/02,4213.87
2024/02/05,4152.82
2024/02/06,4427.32
2024/02/07,4554.83
2024/02/08,4629.29
2024/02/19,4826.69
2024/02/20,4852.81
2024/02/21,4829.31
2024/02/22,4909.82
2024/02/23,4908.65
2024/02/26,4932.73
2024/02/27,5108.25
2024/02/28,4884.54
2024/02/29,5101.41
2024/03/01,5133.8
2024/03/04,5216.01
2024/03/05,5214.8
2024/03/06,5233.45
2024/03/07,5158.33
2024/03/08,5286.59
2024/03/11,5320.36
2024/03/12,5253.11
2024/03/13,5277.86
2024/03/14,5319.3
2024/03/15,5437.85
2024/03/18,5530.43
2024/03/19,5456.79
2024/03/20,5423.25
2024/03/21,5396.03
2024/03/22,5352.18
2024/03/25,5303.19
2024/03/26,5296.67
2024/03/27,5158.31
2024/03/28,5232.53
2024/03/29,5316.94
2024/04/01,5456.43
2024/04/02,5465.34
2024/04/03,5420.34
2024/04/08,5440.85
2024/04/09,5431.38
2024/04/10,5344.76
2024/04/11,5400.28
2024/04/12,5483.78
2024/04/15,5539.89
2024/04/16,5396.45
2024/04/17,5581.73
2024/04/18,5575.49
2024/04/19,5529.88
2024/04/22,5424.27
2024/04/23,5344.65
2024/04/24,5452.58
2024/04/25,5402.71
2024/04/26,5608.97
2024/04/29,5672.71
2024/04/30,5638.84
2024/05/06,5687.16
2024/05/07,5653.22
2024/05/08,5579.18
2024/05/09,5650.68
2024/05/10,5620.4
2024/05/13,5585.01
2024/05/14,5568.21
2024/05/15,5522.14
2024/05/16,5498.07
2024/05/17,5532.98
2024/05/20,5572.48
2024/05/21,5556.27
2024/05/22,5522.66
2024/05/23,5443.7
2024/05/24,5334.47
2024/05/27,5451.37
2024/05/28,5399.96
2024/05/29,5402.75
2024/05/30,5430.43
2024/05/31,5420.82
2024/06/03,5534.47
2024/06/04,5583.31
2024/06/05,5524.05
2024/06/06,5525.84
2024/06/07,5473.54
2024/06/11,5528.78
2024/06/12,5542.67
2024/06/13,5601.92
2024/06/14,5717.61
2024/06/17,5801.28
2024/06/18,5863.63
2024/06/19,5833.28
2024/06/20,5801.26
2024/06/21,5828.99
2024/06/24,5711.76
2024/06/25,5577.42
2024/06/26,5697.43
2024/06/27,5593.48
2024/06/28,5654.51
2024/07/01,5748.94
2024/07/02,5675.45
2024/07/03,5633.95
2024/07/04,5599.14
2024/07/05,5625.41
2024/07/08,5620.37
2024/07/09,5819.23
2024/07/10,5844.77
2024/07/11,5894.06
2024/07/12,5906.77
2024/07/15,5868.72
2024/07/16,5904.41
2024/07/17,5780.72
2024/07/18,5778.7
2024/07/19,5742.97
2024/07/22,5724.94
2024/07/23,5486.98
2024/07/24,5405.5
2024/07/25,5277.26
2024/07/26,5345.96
2024/07/29,5360.9
2024/07/30,5335.8
2024/07/31,5515.37
2024/08/01,5507.12
2024/08/02,5302.58
2024/08/05,5062.66
2024/08/06,5146.38
2024/08/07,5130.75
2024/08/08,5105.57
2024/08/09,5135.23
2024/08/12,5131.85
2024/08/13,5192.82
2024/08/14,5137.99
2024/08/15,5162.66
2024/08/16,5201.79
2024/08/19,5215.09
2024/08/20,5185.23
2024/08/21,5176.48
2024/08/22,5131.7
2024/08/23,5100.06
2024/08/26,5054.54
2024/08/27,4961.69
2024/08/28,4958.1
2024/08/29,4941.58
2024/08/30,5074.28
2024/09/02,4883.15
2024/09/03,4954.61
2024/09/04,4902.08
2024/09/05,4914.4
2024/09/06,4819.87
2024/09/09,4833.32
2024/09/10,4891.52
2024/09/11,4882.55
2024/09/12,4855.39
2024/09/13,4884.5
2024/09/18,4838.36
2024/09/19,4847.14
2024/09/20,4820.78
2024/09/23,4794.32
2024/09/24,5056.52
2024/09/25,5064.62
2024/09/26,5288.11
2024/09/27,5586.59
2024/09/30,6281.65
2024/10/08,7086.38
2024/10/09,6708.12
2024/10/10,6543.18
2024/10/11,6310.6
2024/10/14,6491.01
2024/10/15,6345.48
2024/10/16,6197.09
2024/10/17,6210.44
2024/10/18,6680.87
2024/10/21,6730.08
2024/10/22,6793.52
2024/10/23,6639.26
2024/10/24,6636.38
2024/10/25,6695.84
2024/10/28,6636.5
2024/10/29,6508.66
2024/10/30,6512.48
2024/10/31,6555.07
2024/11/01,6353.29
2024/11/04,6493.19
2024/11/05,6718.54
2024/11/06,6659.12
2024/11/07,6787.97
2024/11/08,6767.83
2024/11/11,6961.29
2024/11/12,6858.1
2024/11/13,6936.58
2024/11/14,6678.41
2024/11/15,6480.28
2024/11/18,6290.4
2024/11/19,6446.91
2024/11/20,6494.3
2024/11/21,6457.76
2024/11/22,6219.33
2024/11/25,6108.39
2024/11/26,6073.44
2024/11/27,6224.82
2024/11/28,6171.52
2024/11/29,6278.59
2024/12/02,6399.92
2024/12/03,6325.05
2024/12/04,6295.01
2024/12/05,6343.71
2024/12/06,6414.53
2024/12/09,6330.15
2024/12/10,6391.45
2024/12/11,6495.68
2024/12/12,6562.66
2024/12/13,6500.32
2024/12/16,6426.5
2024/12/17,6380.51
2024/12/18,6458.37
2024/12/19,6621.35
2024/12/20,6718.83
2024/12/23,6615.78
2024/12/24,6685.85
2024/12/25,6730.48
2024/12/26,6946.06
2024/12/27,6849.72
2024/12/30,6798.91
2024/12/31,6538.07
2025/01/02,6308.47
2025/01/03,6223.56
2025/01/06,6194.9
2025/01/07,6472.58
2025/01/08,6485.15
2025/01/09,6498.72
2025/01/10,6333.28
2025/01/13,6263.85
2025/01/14,6544.17
2025/01/15,6533.06
2025/01/16,6500.83
2025/01/17,6590.9
2025/01/20,6694.24
2025/01/21,6859.46
2025/01/22,6975.33
2025/01/23,6855.09
2025/01/24,6934.85
2025/01/27,6732.43
2025/02/05,6607.86
2025/02/06,6830.52
2025/02/07,6929.17
2025/02/10,6967.74
2025/02/11,6960.66
2025/02/12,7063.79
2025/02/13,6829.52
2025/02/14,6798.17
2025/02/17,7006.27
2025/02/18,6873.48
2025/02/19,7022.5
2025/02/20,7037.79
2025/02/21,7298.69
2025/02/24,7175.39
2025/02/25,7135.92
2025/02/26,7260.16
2025/02/27,7205.42
2025/02/28,6823.39
2025/03/03,6769.4
2025/03/04,6858.76
2025/03/05,6929.78
2025/03/06,7073.6
2025/03/07,6979.55
2025/03/10,7034.19
2025/03/11,6993.72
2025/03/12,7019.86
2025/03/13,6853.48
2025/03/14,7015.5
2025/03/17,7042.89
2025/03/18,7151.94
2025/03/19,7055.38
2025/03/20,7017.19
2025/03/21,6814.68
2025/03/24,6898.62
2025/03/25,6749.64
2025/03/26,6764.25
2025/03/27,6763.47
2025/03/28,6717.74
2025/03/31,6767.2
2025/04/01,6761.53
2025/04/02,6785.95
2025/04/03,6556.71
2025/04/07,5748.91
2025/04/08,5634.01
2025/04/09,5770.07
2025/04/10,5969.34
2025/04/11,6142.32
2025/04/14,6221.06
2025/04/15,6191.03
2025/04/16,6118.72
2025/04/17,6137.3
2025/04/18,6154.5
2025/04/21,6310.71
2025/04/22,6255.5
2025/04/23,6387.95
2025/04/24,6302.38
2025/04/25,6367.74
2025/04/28,6337.15
2025/04/29,6375.34
2025/04/30,6452.77
2025/05/06,6625.03
2025/05/07,6614.15
2025/05/08,6742.05
2025/05/09,6636.99
2025/05/12,6756.38
2025/05/13,6728.4
2025/05/14,6748.61
2025/05/15,6617.63
2025/05/16,6599.14
2025/05/19,6583.27
2025/05/20,6612.05
2025/05/21,6566.89
2025/05/22,6539
2025/05/23,6428.6
2025/05/26,6467.35
2025/05/27,6401.28
2025/05/28,6415.11
2025/05/29,6509.86
2025/05/30,6456.37
2025/06/03,6495.13
2025/06/04,6580.13
2025/06/05,6764.75
2025/06/06,6775.89
2025/06/09,6816.74
2025/06/10,6739.3
2025/06/11,6742.09
2025/06/12,6751.91
2025/06/13,6699.32
2025/06/16,6781.03
2025/06/17,6767.85
2025/06/18,6838.78
2025/06/19,6809.25
2025/06/20,6720.56
2025/06/23,6696.39
2025/06/24,6856.95
2025/06/25,7032.62
2025/06/26,7032.66
2025/06/27,7083.76
2025/06/30,7205.4
2025/07/01,7203.63
2025/07/02,7071.69
2025/07/03,7150.15
2025/07/04,7128.98
2025/07/07,7079.42
2025/07/08,7256.84
2025/07/09,7174.02
2025/07/10,7151.67
2025/07/11,7222.6
2025/07/14,7196.16
2025/07/15,7386.03
2025/07/16,7385.76
2025/07/17,7582.31
2025/07/18,7558.51
2025/07/21,7554.74
2025/07/22,7545.2
2025/07/23,7534.83
2025/07/24,7591.2
2025/07/25,7672.05
2025/07/28,7816.59
2025/07/29,7950.93
2025/07/30,7873.3
2025/07/31,7795.61
2025/08/01,7707.66
2025/08/04,7792.19
2025/08/05,7837.48
2025/08/06,7924.95
2025/08/07,7912.73
2025/08/08,7843.43
2025/08/11,7958.77
2025/08/12,7978.8
2025/08/13,8164.35
2025/08/14,8020.68
2025/08/15,8287.27
2025/08/18,8644.31
2025/08/19,8684.92
2025/08/20,8798.5
2025/08/21,8692.21
2025/08/22,9095.63
2025/08/25,9446.91
2025/08/26,9391.51
2025/08/27,9537.21
2025/08/28,9937.55
2025/08/29,9962.28
2025/09/01,10040.37
2025/09/02,9535.71
2025/09/03,9458.47
2025/09/04,8882.71
2025/09/05,9261.01
2025/09/08,9188.34
2025/09/09,9050.2
2025/09/10,9157.4
2025/09/11,9634.58
2025/09/12,9634.78
2025/09/15,9556.69
2025/09/16,9623.19
2025/09/17,9746.29
2025/09/18,9673.13
2025/09/19,9606.71
2025/09/22,9782.28
2025/09/23,9631.84
2025/09/24,9754.61
2025/09/25,9824.23
2025/09/26,9544.81
2025/09/29,9780.08
2025/09/30,9925.06
2025/10/09,10095.03
2025/10/10,9808.9
2025/10/13,9869.54
2025/10/14,9590.62
2025/10/15,9663.76
2025/10/16,9535.18
2025/10/17,9151.44
2025/10/20,9259.31
2025/10/21,9530.07
2025/10/22,9435.99
2025/10/23,9369.98
2025/10/24,9725.56
2025/10/27,9986.35
2025/10/28,10004.83
2025/10/29,10172.45
2025/10/30,9952.06
2025/10/31,9706.05
2025/11/03,9570.01
2025/11/04,9423.61
2025/11/05,9341.78
2025/11/06,9532.12
2025/11/07,9417.81
2025/11/10,9269.52
2025/11/11,9107.75
2025/11/12,9107.86
2025/11/13,9228.78
2025/11/14,8942.99
2025/11/17,9005.35
2025/11/18,8878.75
2025/11/19,8876.58
2025/11/20,8872.17
2025/11/21,8420.89
2025/11/24,8449.85
2025/11/25,8773.59
2025/11/26,9034.23
2025/11/27,8996.84
2025/11/28,9082.21
2025/12/01,9158.28
2025/12/02,9124.51
2025/12/03,9033.65
2025/12/04,9056.11
2025/12/05,9160.58
2025/12/08,9510.47
2025/12/09,9739.93
2025/12/10,9740.76
2025/12/11,9507.02
2025/12/12,9560.04
2025/12/15,9373.04
2025/12/16,9177.29
2025/12/17,9643.13
2025/12/18,9445.88
2025/12/19,9426.51
2025/12/22,9830.2
2025/12/23,9954.07
2025/12/24,10167.42
2025/12/25,10215.89
2025/12/26,10194.98
2025/12/29,10226.34
2025/12/30,10190.97
2025/12/31,10030.85
2026/01/05,10325.89
2026/01/06,10357.66
2026/01/07,10511.36
2026/01/08,10398.48
2026/01/09,10469.67
2026/01/12,10610.88
2026/01/13,10303.49
2026/01/14,10424.18
2026/01/15,10571.3
2026/01/16,10673.6
2026/01/19,10721.92
2026/01/20,10483.37
2026/01/21,10719.44
2026/01/22,11006.34
2026/01/23,10936.49
2026/01/26,10792.54
2026/01/27,10997.3
2026/01/28,11029.27
2026/01/29,10725.6
2026/01/30,10787.63
2026/02/02,10334.09
2026/02/03,10573.18
2026/02/04,10363